<application>
  <component name="GeneralSettings">
    <option name="showTipsOnStartup" value="false" />
    <option name="reopenLastProject" value="false" />
    <option name="confirmExit" value="false" />
    <option name="confirmOpenNewProject2" value="0" />
    <option name="processCloseConfirmation" value="DISCONNECT" />
  </component>
  <component name="Registry">
    <entry key="ide.experimental.ui" value="true" />
    <entry key="ide.balloon.shadow.size" value="0" />
  </component>
</application>