<application>
  <component name="MavenWrapperMapping">
    <option name="mapping">
      <map>
        <entry key="https://mirrors.huaweicloud.com/apache/maven/maven-3/3.6.0/binaries/apache-maven-3.6.0-bin.zip" value="C:\Users\Administrator\.m2\wrapper\dists\apache-maven-3.6.0-bin\3am96nralpnbr9ug274ur9ee3q\apache-maven-3.6.0" />
        <entry key="https://mirrors.huaweicloud.com/apache/maven/maven-3/3.9.5/binaries/apache-maven-3.9.5-bin.zip" value="C:\Users\Administrator\.m2\wrapper\dists\apache-maven-3.9.5-bin\6jokgnb07j10unekqimtmcdjsd\apache-maven-3.9.5" />
        <entry key="https://repo.maven.apache.org/maven2/org/apache/maven/apache-maven/3.6.3/apache-maven-3.6.3-bin.zip" value="C:\Users\Administrator\.m2\wrapper\dists\apache-maven-3.6.3-bin\1iopthnavndlasol9gbrbg6bf2\apache-maven-3.6.3" />
        <entry key="https://repo.maven.apache.org/maven2/org/apache/maven/apache-maven/3.8.6/apache-maven-3.8.6-bin.zip" value="C:\Users\Administrator\.m2\wrapper\dists\apache-maven-3.8.6-bin\1ks0nkde5v1pk9vtc31i9d0lcd\apache-maven-3.8.6" />
      </map>
    </option>
  </component>
</application>